alpha,mc_run,distance_mean,distance_std,a1_acc_mean,a1_acc_std,a2_acc_mean,a2_acc_std,scenario_time,scenario_time_std
5.000000000000000278e-02,1.000000000000000000e+00,2.977374376608603601e+00,4.079964708788275801e-02,3.744404668334089803e-01,1.154082212139738939e+00,1.691094547080410182e+00,2.497638637707806808e+00,7.299999999999990052e+00,0.000000000000000000e+00
2.500000000000000000e-01,1.000000000000000000e+00,2.975674321481792006e+00,3.984566734985371672e-02,4.351223290640356955e-01,1.121712870668055473e+00,1.632200100375256424e+00,2.495164580131661314e+00,7.299999999999990052e+00,0.000000000000000000e+00
5.000000000000000000e-01,1.000000000000000000e+00,2.975226160613670068e+00,3.971964576306755146e-02,5.508665696510838261e-01,1.082599213905933722e+00,1.538078527031832454e+00,2.494282367830034985e+00,7.399999999999989697e+00,0.000000000000000000e+00
