alpha,mc_run,distance_mean,distance_std,a1_acc_mean,a1_acc_std,a2_acc_mean,a2_acc_std,scenario_time,scenario_time_std
5.000000000000000278e-02,1.000000000000000000e+00,2.952231625071024101e+00,1.097497727580871649e-02,3.872379416465286384e-01,1.149296184733769266e+00,3.048771129610613695e+00,3.695247375471764961e+00,7.299999999999990052e+00,0.000000000000000000e+00
2.500000000000000000e-01,1.000000000000000000e+00,2.951660714522047702e+00,9.806640919039757640e-03,5.072992882064979447e-01,1.116313096035047359e+00,3.698151609024783681e+00,4.149310331328780244e+00,7.399999999999989697e+00,0.000000000000000000e+00
5.000000000000000000e-01,1.000000000000000000e+00,2.951961977162223416e+00,9.925298350033199407e-03,8.549711801973959302e-01,1.278870386313961660e+00,2.634847882461658131e+00,3.602501202203343134e+00,7.999999999999987566e+00,0.000000000000000000e+00
